timestamp,location,detected_type,speed,certainty,zones,time_elapsed,lat,lon,x,y,speed_mph,is_confident,anomaly_score,is_anomaly
2025-10-06 18:55:21.053,foothill,Car,9.313376666666668,0.98,['SB Exit'],0,,,37.454011884736246,48.9452760277563,9.313376666666668,True,0.08075063987969056,1
2025-10-06 18:55:21.053,foothill,Car,2.108936734402852,0.3682468120115179,['NB Entry'],0,,,95.07143064099162,98.56504541106008,2.108936734402852,False,0.011935137415459485,1
2025-10-06 18:55:21.053,foothill,Car,11.488339203985555,0.8503742401389461,['EB Exit'],0,,,73.1993941811405,24.20552715115004,11.488339203985555,True,0.05408322807863064,1
2025-10-06 18:55:21.053,foothill,Car,0.0,0.9568480129436746,['Unknown'],0,,,59.86584841970366,67.21355474058785,0.0,True,0.1642973419271675,1
2025-10-06 18:55:21.053,foothill,Car,33.567163644605465,0.9885627705627704,['WB Exit'],0,,,15.601864044243651,76.16196153287176,33.567163644605465,True,-0.06520222377712748,-1
2025-10-06 18:55:22.114,foothill,Car,7.715616363636363,0.3062049062049061,['NB Entry'],0,,,15.599452033620263,23.763754399239968,7.715616363636363,False,0.0884309073575954,1
2025-10-06 18:55:21.053,foothill,Car,18.83767805532573,0.9758450332099676,"['WB Entry', 'NB Exit']",0,,,5.8083612168199465,72.82163486118596,18.83767805532573,True,0.012208634396070006,1
2025-10-06 18:55:21.993,foothill,Car,12.301883443576967,0.7899999999999999,['EB Exit'],0,,,86.61761457749351,36.77831327192532,12.301883443576967,True,0.05304029064085136,1
2025-10-06 18:55:21.053,foothill,Car,11.5381652996025,0.985396986851872,['SB Exit'],0,,,60.11150117432088,63.23058305935795,11.5381652996025,True,0.07680156367346747,1
2025-10-06 18:55:21.053,foothill,Car,12.37028895365253,0.9900000000000008,['EB Exit'],0,,,70.80725777960456,63.35297107608947,12.37028895365253,True,0.06782414706369366,1
2025-10-06 18:55:21.789,foothill,Car,11.783162179993203,0.7127791954603282,"['EB Entry', 'SB Exit']",0,,,2.0584494295802447,53.57746840747585,11.783162179993203,True,0.039210307485490925,1
2025-10-06 18:55:21.053,foothill,Car,24.19678533303949,0.9847758907466772,['EB Exit'],0,,,96.99098521619943,9.02897700544083,24.19678533303949,True,-0.06369013838817783,-1
2025-10-06 18:55:21.053,foothill,Car,0.0,0.9446637436581288,['NB Entry'],0,,,83.24426408004217,83.5302495589238,0.0,True,0.129128625806731,1
2025-10-06 18:55:23.187,foothill,Car,16.43736070378718,0.6635572967404569,"['WB Entry', 'NB Exit']",0,,,21.233911067827616,32.07800649717358,16.43736070378718,True,0.03680625930583714,1
2025-10-06 18:55:24.275,foothill,Car,9.655241813427432,0.7203154579391097,"['EB Entry', 'SB Exit']",0,,,18.182496720710063,18.651851039985424,9.655241813427432,True,0.0655735132473857,1
2025-10-06 18:55:21.053,foothill,Person,1.8569582044530597,0.8542247545407086,['WB Entry'],0,,,18.34045098534338,4.077514155476392,1.8569582044530597,True,0.051726819662347046,1
2025-10-06 18:55:21.053,foothill,Car,0.0259169717214469,0.8590670662479183,['NB Entry'],0,,,30.42422429595377,59.08929431882418,0.0259169717214469,True,0.1493512597265575,1
2025-10-06 18:55:21.053,foothill,Car,0.0,0.8999999999999999,['NB Entry'],0,,,52.475643163223786,67.75643618422824,0.0,True,0.1711543498952559,1
2025-10-06 18:55:21.053,foothill,Car,0.0,0.9600000000000002,['NB Entry'],0,,,43.194501864211574,1.6587828927856152,0.0,True,0.07553962525220181,1
2025-10-06 18:55:21.053,foothill,Car,0.0,0.7699999999999997,['NB Entry'],0,,,29.122914019804192,51.2093058299281,0.0,True,0.16829894694761088,1
2025-10-06 18:55:21.053,foothill,Car,0.0,0.9600000000000002,['NB Entry'],0,,,61.18528947223795,22.649577519793795,0.0,True,0.13236195010363255,1
2025-10-06 18:55:21.053,foothill,Car,0.0,0.9277670362946232,['NB Entry'],0,,,13.949386065204184,64.51727904094498,0.0,True,0.14572985241872066,1
2025-10-06 18:55:21.053,foothill,Car,0.0,0.7300000000000002,['Unknown'],0,,,29.214464853521815,17.436642900499145,0.0,True,0.13184405569172253,1
2025-10-06 18:55:21.053,foothill,Car,0.0,0.7441541199887606,['Unknown'],0,,,36.63618432936917,69.09377381024659,0.0,True,0.1604770430840411,1
2025-10-06 18:55:21.053,foothill,Car,0.0,0.9800000000000004,['Unknown'],0,,,45.606998421703594,38.67353463005374,0.0,True,0.1483886962811667,1
2025-10-06 18:55:21.053,foothill,Car,0.0,0.9921644069890192,['Unknown'],0,,,78.51759613930136,93.67299887367344,0.0,True,0.12450231417400798,1
2025-10-06 18:55:21.185,foothill,Car,0.0,0.7913859737653289,['Unknown'],0,,,19.967378215835975,13.752094414599323,0.0,True,0.11439422584884362,1
2025-10-06 18:55:21.185,foothill,Car,0.0,0.9291042342548989,['Unknown'],0,,,51.42344384136116,34.10663510502585,0.0,True,0.15458918196503246,1
2025-10-06 18:55:22.604,foothill,Car,5.307684419926699,0.7605807348266587,['NB Entry'],0,,,59.24145688620425,11.347352124058908,5.307684419926699,True,0.05487923269334227,1
2025-10-06 18:55:25.393,foothill,Truck,2.005738450129932,0.4787248226904143,['NB Entry'],0,,,4.645041271999773,92.46936182785628,2.005738450129932,False,0.021634197079729023,1
2025-10-06 18:55:25.587,foothill,Car,0.5002670970023363,0.6261378309682589,['NB Entry'],0,,,60.75448519014384,87.7339353380981,0.5002670970023363,True,0.09820074953974378,1
2025-10-06 18:55:25.995,foothill,Car,0.0,0.8148185756223493,['NB Entry'],0,,,17.052412368729154,25.79416277151556,0.0,True,0.14254651503035337,1
2025-10-06 18:55:28.251,foothill,Car,2.6345397585551917,0.3278097309745872,['NB Entry'],0,,,6.505159298527952,65.99840460341791,2.6345397585551917,False,0.07943369999891259,1
2025-10-06 18:55:29.060,foothill,Car,13.579868285714284,0.2654285714285714,['WB Entry'],0,,,94.88855372533332,81.72222002012158,13.579868285714284,False,0.022382305976383576,1
2025-10-06 18:55:21.053,foothill,Car,0.0,0.9800000000000004,['NB Entry'],0,,,96.56320330745594,55.52008115994623,0.0,True,0.08109089587957585,1
2025-10-06 18:55:21.053,foothill,Car,0.0,0.9099999999999993,['NB Entry'],0,,,80.83973481164611,52.965057835600646,0.0,True,0.14020001904396834,1
2025-10-06 18:55:29.458,foothill,Person,0.9842800000000002,0.8100000000000002,['Unknown'],0,,,30.46137691733707,24.18522909004517,0.9842800000000002,True,0.10226658919335929,1
2025-10-06 18:55:29.458,foothill,Car,5.267415625732292,0.6429531402099634,['NB Entry'],0,,,9.767211400638388,9.310276780589922,5.267415625732292,True,0.05143925024965057,1
2025-10-06 18:55:29.458,foothill,Car,0.0,0.9072467060067522,['NB Entry'],0,,,68.42330265121569,89.72157579533267,0.0,True,0.1450097934951573,1
2025-10-06 18:55:29.458,foothill,Car,0.0,0.9300000000000006,['NB Entry'],0,,,44.01524937396013,90.04180571633304,0.0,True,0.12885858304803077,1
2025-10-06 18:55:29.458,foothill,Car,0.0,0.8157897554861213,['NB Entry'],0,,,12.203823484477883,63.31014572732679,0.0,True,0.1417533232843618,1
2025-10-06 18:55:29.458,foothill,Car,0.0,0.7235993495851598,['Unknown'],0,,,49.51769101112702,33.90297910487007,0.0,True,0.15192070986653605,1
2025-10-06 18:55:29.458,foothill,Car,0.0,0.8657017803010741,['NB Entry'],0,,,3.4388521115218396,34.92095746126609,0.0,True,0.10652634024463092,1
2025-10-06 18:55:29.458,foothill,Car,0.0,0.7310389906381115,['Unknown'],0,,,90.9320402078782,72.59556788702393,0.0,True,0.10400508553172616,1
2025-10-06 18:55:29.458,foothill,Car,0.0,0.98,['Unknown'],0,,,25.87799816000169,89.71102599525771,0.0,True,0.11276547863837472,1
2025-10-06 18:55:29.458,foothill,Car,0.0,1.0,['Unknown'],0,,,66.2522284353982,88.70864242651173,0.0,True,0.14683161742084183,1
2025-10-06 18:55:29.458,foothill,Car,0.0,0.7963769707214008,['Unknown'],0,,,31.171107608941096,77.98755458576238,0.0,True,0.14976129131840232,1
2025-10-06 18:55:29.458,foothill,Car,0.0,0.9217333197505376,['Unknown'],0,,,52.00680211778108,64.20316461542878,0.0,True,0.17448842051741453,1
2025-10-06 18:55:30.260,foothill,Car,14.355740683263472,0.6782521438749592,"['NB Exit', 'EB Exit']",0,,,54.67102793432797,8.413996499504883,14.355740683263472,True,0.020611377190720592,1
2025-10-06 18:55:33.717,foothill,Car,7.789850900222857,0.5119852284851347,['SB Entry'],0,,,18.485445552552704,16.162871409461378,7.789850900222857,True,0.08492991760268331,1
2025-10-06 18:55:34.319,foothill,Car,7.928745593059045,0.4113108821103994,['WB Entry'],0,,,96.95846277645586,89.85541885270793,7.928745593059045,False,0.009221555827447991,1
2025-10-06 18:55:21.053,foothill,Car,9.313376666666668,0.98,['SB Exit'],0,,,77.51328233611146,60.642905965958995,9.313376666666668,True,0.08585597436693349,1
2025-10-06 18:55:21.053,foothill,Car,2.108936734402852,0.3682468120115179,['NB Entry'],0,,,93.9498941564189,0.9197051616629648,2.108936734402852,False,-0.013832333741171987,-1
2025-10-06 18:55:21.053,foothill,Car,11.488339203985555,0.8503742401389461,['EB Exit'],0,,,89.48273504276489,10.147154286603213,11.488339203985555,True,0.027160309474221767,1
2025-10-06 18:55:21.053,foothill,Car,0.0,0.9568480129436746,['Unknown'],0,,,59.78999788110851,66.35017691080559,0.0,True,0.16487346645518358,1
2025-10-06 18:55:21.053,foothill,Car,33.567163644605465,0.9885627705627704,['WB Exit'],0,,,92.18742350231167,0.5061583846218687,33.567163644605465,True,-0.10729631775178339,-1
2025-10-06 18:55:22.114,foothill,Car,7.715616363636363,0.3062049062049061,['NB Entry'],0,,,8.84925020519195,16.080805141749867,7.715616363636363,False,0.059364667091705514,1
2025-10-06 18:55:21.053,foothill,Car,18.83767805532573,0.9758450332099676,"['WB Entry', 'NB Exit']",0,,,19.59828624191452,54.87337893665861,18.83767805532573,True,0.028949979618396182,1
2025-10-06 18:55:21.993,foothill,Car,12.301883443576967,0.7899999999999999,['EB Exit'],0,,,4.522728891053807,69.18951976926932,12.301883443576967,True,0.05155383139895742,1
2025-10-06 18:55:21.053,foothill,Car,11.5381652996025,0.985396986851872,['SB Exit'],0,,,32.53303307632643,65.19612595026005,11.5381652996025,True,0.09673314477393902,1
2025-10-06 18:55:21.053,foothill,Car,12.37028895365253,0.9900000000000008,['EB Exit'],0,,,38.8677289689482,22.42693094605598,12.37028895365253,True,0.059102651086312186,1
2025-10-06 18:55:21.789,foothill,Car,11.783162179993203,0.7127791954603282,"['EB Entry', 'SB Exit']",0,,,27.134903177389592,71.2179221347536,11.783162179993203,True,0.09612310068955021,1
2025-10-06 18:55:21.053,foothill,Car,24.19678533303949,0.9847758907466772,['EB Exit'],0,,,82.87375091519293,23.724908749680008,24.19678533303949,True,-0.02654502710794937,-1
2025-10-06 18:55:21.053,foothill,Car,0.0,0.9446637436581288,['NB Entry'],0,,,35.67533266935893,32.539969815926774,0.0,True,0.14900793878748064,1
2025-10-06 18:55:23.187,foothill,Car,16.43736070378718,0.6635572967404569,"['WB Entry', 'NB Exit']",0,,,28.093450968738075,74.64914051180241,16.43736070378718,True,0.055466626182715695,1
2025-10-06 18:55:24.275,foothill,Car,9.655241813427432,0.7203154579391097,"['EB Entry', 'SB Exit']",0,,,54.26960831582485,64.96328990472146,9.655241813427432,True,0.07973284315622187,1
2025-10-06 18:55:21.053,foothill,Person,1.8569582044530597,0.8542247545407086,['WB Entry'],0,,,14.092422497476264,84.9223410494178,1.8569582044530597,True,0.07460021846422682,1
2025-10-06 18:55:21.053,foothill,Car,0.0259169717214469,0.8590670662479183,['NB Entry'],0,,,80.21969807540397,65.76128923003434,0.0259169717214469,True,0.11338890443577943,1
2025-10-06 18:55:21.053,foothill,Car,0.0,0.8999999999999999,['NB Entry'],0,,,7.455064367977082,56.830860333547164,0.0,True,0.12588615594219288,1
2025-10-06 18:55:21.053,foothill,Car,0.0,0.9600000000000002,['NB Entry'],0,,,98.68869366005173,9.367476782809248,0.0,True,0.01770723303246613,1
2025-10-06 18:55:21.053,foothill,Car,0.0,0.7699999999999997,['NB Entry'],0,,,77.22447692966574,36.77158030594335,0.0,True,0.12653839891339475,1
2025-10-06 18:55:21.053,foothill,Car,0.0,0.9600000000000002,['NB Entry'],0,,,19.87156815341724,26.520236768172545,0.0,True,0.15034648379626653,1
2025-10-06 18:55:21.053,foothill,Car,0.0,0.9277670362946232,['NB Entry'],0,,,0.5522117123602399,24.398964337908357,0.0,True,0.05441108361317171,1
2025-10-06 18:55:21.053,foothill,Car,0.0,0.7300000000000002,['Unknown'],0,,,81.54614284548342,97.30105547524455,0.0,True,0.09235306772711405,1
2025-10-06 18:55:21.053,foothill,Car,0.0,0.7441541199887606,['Unknown'],0,,,70.68573438476172,39.30977246667604,0.0,True,0.14006624099134352,1
2025-10-06 18:55:21.053,foothill,Car,0.0,0.9800000000000004,['Unknown'],0,,,72.90071680409874,89.20465551771133,0.0,True,0.14781497355462592,1
2025-10-06 18:55:21.053,foothill,Car,0.0,0.9921644069890192,['Unknown'],0,,,77.12703466859458,63.11386259972629,0.0,True,0.1491598586860386,1
2025-10-06 18:55:21.185,foothill,Car,0.0,0.7913859737653289,['Unknown'],0,,,7.4044651734090365,79.48113035416485,0.0,True,0.0979648575702029,1
2025-10-06 18:55:21.185,foothill,Car,0.0,0.9291042342548989,['Unknown'],0,,,35.84657285442726,50.26370931051921,0.0,True,0.16143410006138004,1
2025-10-06 18:55:22.604,foothill,Car,5.307684419926699,0.7605807348266587,['NB Entry'],0,,,11.586905952512971,57.69038846263591,5.307684419926699,True,0.08691126439577734,1
2025-10-06 18:55:25.393,foothill,Truck,2.005738450129932,0.4787248226904143,['NB Entry'],0,,,86.31034258755935,49.25176938188639,2.005738450129932,False,0.07346843641742784,1
2025-10-06 18:55:25.587,foothill,Car,0.5002670970023363,0.6261378309682589,['NB Entry'],0,,,62.329812682755794,19.52429877980445,0.5002670970023363,True,0.0913018982589342,1
2025-10-06 18:55:25.995,foothill,Car,0.0,0.8148185756223493,['NB Entry'],0,,,33.08980248526492,72.24521152615053,0.0,True,0.15770687226663832,1
2025-10-06 18:55:28.251,foothill,Car,2.6345397585551917,0.3278097309745872,['NB Entry'],0,,,6.355835028602364,28.07723624408558,2.6345397585551917,False,0.062478004625194816,1
2025-10-06 18:55:29.060,foothill,Car,13.579868285714284,0.2654285714285714,['WB Entry'],0,,,31.09823217156622,2.431596643145384,13.579868285714284,False,0.0116236227985691,1
2025-10-06 18:55:21.053,foothill,Car,0.0,0.9800000000000004,['NB Entry'],0,,,32.518332202674706,64.54722959071678,0.0,True,0.17191343859445474,1
2025-10-06 18:55:21.053,foothill,Car,0.0,0.9099999999999993,['NB Entry'],0,,,72.96061783380641,17.711067940704893,0.0,True,0.10789211642899421,1
2025-10-06 18:55:29.458,foothill,Person,0.9842800000000002,0.8100000000000002,['Unknown'],0,,,63.75574713552131,94.04585843529144,0.9842800000000002,True,0.07622362346462197,1
2025-10-06 18:55:29.458,foothill,Car,5.267415625732292,0.6429531402099634,['NB Entry'],0,,,88.72127425763266,95.39285770025872,5.267415625732292,True,0.02338791957412878,1
2025-10-06 18:55:29.458,foothill,Car,0.0,0.9072467060067522,['NB Entry'],0,,,47.22149251619493,91.48643902204483,0.0,True,0.12787868386329576,1
2025-10-06 18:55:29.458,foothill,Car,0.0,0.9300000000000006,['NB Entry'],0,,,11.959424593830173,37.01587002554444,0.0,True,0.11985760362856701,1
2025-10-06 18:55:29.458,foothill,Car,0.0,0.8157897554861213,['NB Entry'],0,,,71.3244787222995,1.5456616528867428,0.0,True,0.057505850938495584,1
2025-10-06 18:55:29.458,foothill,Car,0.0,0.7235993495851598,['Unknown'],0,,,76.07850486168974,92.83185625877252,0.0,True,0.12967950576197884,1
2025-10-06 18:55:29.458,foothill,Car,0.0,0.8657017803010741,['NB Entry'],0,,,56.127719756949624,42.81841483173143,0.0,True,0.14990438802463985,1
2025-10-06 18:55:29.458,foothill,Car,0.0,0.7310389906381115,['Unknown'],0,,,77.0967179954561,96.66548190436696,0.0,True,0.11022275422066685,1
2025-10-06 18:55:29.458,foothill,Car,0.0,0.98,['Unknown'],0,,,49.37955963643907,96.36199770892529,0.0,True,0.10645073183989795,1
2025-10-06 18:55:29.458,foothill,Car,0.0,1.0,['Unknown'],0,,,52.27328293819941,85.300945546736,0.0,True,0.14633898033636566,1
2025-10-06 18:55:29.458,foothill,Car,0.0,0.7963769707214008,['Unknown'],0,,,42.75410183585496,29.444889206958567,0.0,True,0.14417756790473607,1
2025-10-06 18:55:29.458,foothill,Car,0.0,0.9217333197505376,['Unknown'],0,,,2.541912674409519,38.50977286019253,0.0,True,0.09035907360826567,1
2025-10-06 18:55:30.260,foothill,Car,14.355740683263472,0.6782521438749592,"['NB Exit', 'EB Exit']",0,,,10.789142699330444,85.11366715168569,14.355740683263472,True,0.027832749003850243,1
2025-10-06 18:55:33.717,foothill,Car,7.789850900222857,0.5119852284851347,['SB Entry'],0,,,3.142918568673425,31.692200515627768,7.789850900222857,True,0.04919588469168279,1
2025-10-06 18:55:34.319,foothill,Car,7.928745593059045,0.4113108821103994,['WB Entry'],0,,,63.64104112637804,16.94927466860925,7.928745593059045,False,0.0625265128716268,1
2025-10-06 18:55:21.053,dunbarton,Car,9.313376666666668,0.98,['Unknown'],0,,,31.435598107632668,55.68012624583501,9.313376666666668,True,0.09704103973411116,1
2025-10-06 18:55:21.053,dunbarton,Car,2.108936734402852,0.3682468120115179,['Unknown'],0,,,50.85706911647028,93.6154774160781,2.108936734402852,False,0.059072642911096596,1
2025-10-06 18:55:21.053,dunbarton,Car,11.488339203985555,0.8503742401389461,['Unknown'],0,,,90.7566473926093,69.6029796674973,11.488339203985555,True,0.07399416615510868,1
2025-10-06 18:55:21.053,dunbarton,Car,0.0,0.9568480129436746,['Unknown'],0,,,24.929222914887493,57.0061170089365,0.0,True,0.1668972876405223,1
2025-10-06 18:55:21.053,dunbarton,Car,33.567163644605465,0.9885627705627704,['Unknown'],0,,,41.038292303562976,9.717649377076851,33.567163644605465,True,-0.0792217453713201,-1
2025-10-06 18:55:22.114,dunbarton,Car,7.715616363636363,0.3062049062049061,['Unknown'],0,,,75.55511385430486,61.500722669916975,7.715616363636363,False,0.08310810215336617,1
2025-10-06 18:55:21.053,dunbarton,Car,18.83767805532573,0.9758450332099676,['Unknown'],0,,,22.879816549162246,99.00538501042632,18.83767805532573,True,-0.037696550258658146,-1
2025-10-06 18:55:21.993,dunbarton,Car,12.301883443576967,0.7899999999999999,['Unknown'],0,,,7.697990982879299,14.008401523652402,12.301883443576967,True,0.03075921927644787,1
2025-10-06 18:55:21.053,dunbarton,Car,11.5381652996025,0.985396986851872,['Unknown'],0,,,28.9751452913768,51.832965236373674,11.5381652996025,True,0.09665383610534206,1
2025-10-06 18:55:21.053,dunbarton,Car,12.37028895365253,0.9900000000000008,['Unknown'],0,,,16.122128725400444,87.73730719279554,12.37028895365253,True,0.04840374312447804,1
2025-10-06 18:55:21.789,dunbarton,Car,11.783162179993203,0.7127791954603282,['Unknown'],0,,,92.96976523425732,74.07686177542044,11.783162179993203,True,0.05630321785767434,1
2025-10-06 18:55:21.053,dunbarton,Car,24.19678533303949,0.9847758907466772,['Unknown'],0,,,80.8120379564417,69.7015740995268,24.19678533303949,True,-0.018445710762088674,-1
2025-10-06 18:55:21.053,dunbarton,Car,0.0,0.9446637436581288,['Unknown'],0,,,63.34037565104234,70.24840839871092,0.0,True,0.15928347720473318,1
2025-10-06 18:55:23.187,dunbarton,Car,16.43736070378718,0.6635572967404569,['Unknown'],0,,,87.14605901877177,35.94911512197552,16.43736070378718,True,0.022976934873761068,1
2025-10-06 18:55:24.275,dunbarton,Car,9.655241813427432,0.7203154579391097,['Unknown'],0,,,80.36720768991145,29.359184426449335,9.655241813427432,True,0.056339192718854236,1
2025-10-06 18:55:21.053,dunbarton,Person,1.8569582044530597,0.8542247545407086,['Unknown'],0,,,18.657005888603585,80.93611554785136,1.8569582044530597,True,0.09301192007312764,1
2025-10-06 18:55:21.053,dunbarton,Car,0.0259169717214469,0.8590670662479183,['Unknown'],0,,,89.25589984899777,81.01133946791808,0.0259169717214469,True,0.09223909117219597,1
2025-10-06 18:55:21.053,dunbarton,Car,0.0,0.8999999999999999,['Unknown'],0,,,53.93422419156507,86.70723185801037,0.0,True,0.14325349284727096,1
2025-10-06 18:55:21.053,dunbarton,Car,0.0,0.9600000000000002,['Unknown'],0,,,80.74401551640625,91.32405525564712,0.0,True,0.131261574047221,1
2025-10-06 18:55:21.053,dunbarton,Car,0.0,0.7699999999999997,['Unknown'],0,,,89.60912999234932,51.13423988609378,0.0,True,0.11402750126412986,1
2025-10-06 18:55:21.053,dunbarton,Car,0.0,0.9600000000000002,['Unknown'],0,,,31.800347497186387,50.15162946871996,0.0,True,0.16592391915218235,1
2025-10-06 18:55:21.053,dunbarton,Car,0.0,0.9277670362946232,['Unknown'],0,,,11.005192452767677,79.82951789667752,0.0,True,0.10874008172088034,1
2025-10-06 18:55:21.053,dunbarton,Car,0.0,0.7300000000000002,['Unknown'],0,,,22.793516254194166,64.99639307777652,0.0,True,0.16215981652421485,1
2025-10-06 18:55:21.053,dunbarton,Car,0.0,0.7441541199887606,['Unknown'],0,,,42.71077886262563,70.19668772577033,0.0,True,0.15389104031703188,1
2025-10-06 18:55:21.053,dunbarton,Car,0.0,0.9800000000000004,['Unknown'],0,,,81.80147659224932,79.57926694361011,0.0,True,0.13515760785262887,1
2025-10-06 18:55:21.053,dunbarton,Car,0.0,0.9921644069890192,['Unknown'],0,,,86.07305832563435,89.00053418175663,0.0,True,0.12102517075785624,1
2025-10-06 18:55:21.185,dunbarton,Car,0.0,0.7913859737653289,['Unknown'],0,,,0.6952130531190703,33.79951568515358,0.0,True,0.07428230056139296,1
2025-10-06 18:55:21.185,dunbarton,Car,0.0,0.9291042342548989,['Unknown'],0,,,51.07473025775657,37.5582952639944,0.0,True,0.15430124534537815,1
2025-10-06 18:55:22.604,dunbarton,Car,5.307684419926699,0.7605807348266587,['Unknown'],0,,,41.7411003148779,9.3981939840869,5.307684419926699,True,0.06446457369065706,1
2025-10-06 18:55:25.393,dunbarton,Truck,2.005738450129932,0.4787248226904143,['Unknown'],0,,,22.210781047073024,57.8280140996174,2.005738450129932,False,0.1156611163736806,1
2025-10-06 18:55:25.587,dunbarton,Car,0.5002670970023363,0.6261378309682589,['Unknown'],0,,,11.98653673336828,3.594227379674209,0.5002670970023363,True,0.04273734108980476,1
2025-10-06 18:55:25.995,dunbarton,Car,0.0,0.8148185756223493,['Unknown'],0,,,33.7615171403628,46.55980181324602,0.0,True,0.15543348764447273,1
2025-10-06 18:55:28.251,dunbarton,Car,2.6345397585551917,0.3278097309745872,['Unknown'],0,,,94.29097039125192,54.26446347075766,2.6345397585551917,False,0.05013575561684369,1
2025-10-06 18:55:29.060,dunbarton,Car,13.579868285714284,0.2654285714285714,['Unknown'],0,,,32.320293202075526,28.65412521282844,13.579868285714284,False,0.058947237578181544,1
2025-10-06 18:55:21.053,dunbarton,Car,0.0,0.9800000000000004,['Unknown'],0,,,51.87906217433661,59.08332605690107,0.0,True,0.17064116243619615,1
2025-10-06 18:55:21.053,dunbarton,Car,0.0,0.9099999999999993,['Unknown'],0,,,70.30189588951778,3.050024993904943,0.0,True,0.07858290019858938,1
2025-10-06 18:55:29.458,dunbarton,Person,0.9842800000000002,0.8100000000000002,['Unknown'],0,,,36.3629602379294,3.7348188749214417,0.9842800000000002,True,0.06274125283416299,1
2025-10-06 18:55:29.458,dunbarton,Car,5.267415625732292,0.6429531402099634,['Unknown'],0,,,97.17820827209609,82.26005606596583,5.267415625732292,True,0.024000532332154823,1
2025-10-06 18:55:29.458,dunbarton,Car,0.0,0.9072467060067522,['Unknown'],0,,,96.24472949421111,36.019064141126286,0.0,True,0.06592208398849342,1
2025-10-06 18:55:29.458,dunbarton,Car,0.0,0.9300000000000006,['Unknown'],0,,,25.178229582536417,12.706051265188478,0.0,True,0.10856091573424642,1
2025-10-06 18:55:29.458,dunbarton,Car,0.0,0.8157897554861213,['Unknown'],0,,,49.72485058923854,52.224326005480435,0.0,True,0.16113089458370944,1
2025-10-06 18:55:29.458,dunbarton,Car,0.0,0.7235993495851598,['Unknown'],0,,,30.08783098167697,76.99935530986109,0.0,True,0.15298689006744737,1
2025-10-06 18:55:29.458,dunbarton,Car,0.0,0.8657017803010741,['Unknown'],0,,,28.48404943774676,21.582102749684317,0.0,True,0.1347353916024736,1
2025-10-06 18:55:29.458,dunbarton,Car,0.0,0.7310389906381115,['Unknown'],0,,,3.688694735453279,62.28904758190003,0.0,True,0.11049067999504658,1
2025-10-06 18:55:29.458,dunbarton,Car,0.0,0.98,['Unknown'],0,,,60.95643339798968,8.5347464993768,0.0,True,0.10551259658198675,1
2025-10-06 18:55:29.458,dunbarton,Car,0.0,1.0,['Unknown'],0,,,50.26790232288615,5.16817211686077,0.0,True,0.10258523904842509,1
2025-10-06 18:55:29.458,dunbarton,Car,0.0,0.7963769707214008,['Unknown'],0,,,5.147875124998935,53.1354631568148,0.0,True,0.1071108355262731,1
2025-10-06 18:55:29.458,dunbarton,Car,0.0,0.9217333197505376,['Unknown'],0,,,27.864646423661146,54.06351216101065,0.0,True,0.16889088275217629,1
2025-10-06 18:55:30.260,dunbarton,Car,14.355740683263472,0.6782521438749592,['Unknown'],0,,,90.82658859666536,63.742990149820656,14.355740683263472,True,0.05211068346683878,1
2025-10-06 18:55:33.717,dunbarton,Car,7.789850900222857,0.5119852284851347,['SB 1'],0,,,23.95618906669724,72.60913337226616,7.789850900222857,True,0.0891709147132872,1
2025-10-06 18:55:34.319,dunbarton,Car,7.928745593059045,0.4113108821103994,['Unknown'],0,,,14.48948720912231,97.58520794625346,7.928745593059045,False,0.021549324870406505,1
